{
  "title": "Condições de entrega",
  "meta_title": "Condições de entrega - Irreverente Jeans",
  "meta_description": "Condições de entrega - Irreverente Jeans",
  "body": "<!--StartFragment-->\n\nPara você receber o seu pedido totalmente seguro, lacrado e com a mesma qualidade que sai da nossa loja, usamos as seguintes formas de entrega:\n\n**CORREIOS**\\\n**PAC :** Frete Grátis para pedidos acima de R$199,90\\\n**Sedex :** Valor calculado junto com o pedido.\n\n<!--EndFragment-->",
  "sections": [
    {
      "type": "page-title"
    },
    {
      "type": "extra-page",
      "enabled": true
    },
    {
      "type": "collection-shelf",
      "shuffle": true,
      "title": "VAMOS APROVEITAR PARA ESCOLHER SEU LOOK?"
    }
  ]
}