{
  "title": "Sobre a Irreverente Jeans",
  "meta_title": "Sobre a Irreverente Jeans",
  "meta_description": "Sobre a Irreverente Jeans",
  "body": "<!--StartFragment-->\n\nCR nasceu em 2006, a partir de um sonho de Cristiane Resende em criar roupas capaz de libertar o espírito sonhador de cada mulher. Sempre atuando no ramo da moda, com o passar do tempo começou fazer suas próprias peças e vender para as pessoas mais próximas. Deu tão certo que o interesse por seus modelos foi aumentado e ela viu a possibilidade de seus sonhos tornarem realidade.\n\nHoje na direção criativa da marca Cristiane Resende aprimora a essência do produto realçando a beleza feminina com inspiração constante que ajudam a criar peças que encantam.\\\nA Cristiane Resende representa uma moda elegante, sonhadora, exuberante e feminina com qualidade excepcional que vem conceituando a marca no seguimento moda evangélica, com estética e estilo que criam formas através de belos modelos.\n\nTemos muito orgulho em dividir interesses e valores, criando sempre uma relação enriquecedora com nossa equipe e clientes trabalhando com paixão e dedicação aos menores detalhes com sonhos que tocam a realidade.\n\n<!--EndFragment-->",
  "sections": [
    {
      "type": "page-title"
    },
    {
      "type": "extra-page",
      "enabled": true
    },
    {
      "type": "collection-shelf",
      "shuffle": true,
      "title": "QUE TAL COMPRAR O SEU CR HOJE?"
    }
  ]
}